date,commodity,admin1,unit,pricetype,predicted_price
2023-09-01,Cassava,BRONG AHAFO,91 KG,Wholesale,810.3701977856367
2023-10-01,Cassava,BRONG AHAFO,91 KG,Wholesale,810.3701977856367
2023-11-01,Cassava,BRONG AHAFO,91 KG,Wholesale,810.3701977856367
2023-12-01,Cassava,BRONG AHAFO,91 KG,Wholesale,810.3701977856367
2024-01-01,Cassava,BRONG AHAFO,91 KG,Wholesale,701.9265521366757
2024-02-01,Cassava,BRONG AHAFO,91 KG,Wholesale,753.6842565609951
2023-09-01,Cowpeas,BRONG AHAFO,KG,Retail,7.233032224404621
2023-10-01,Cowpeas,BRONG AHAFO,KG,Retail,7.233032224404621
2023-11-01,Cowpeas,BRONG AHAFO,KG,Retail,7.233032224404621
2023-12-01,Cowpeas,BRONG AHAFO,KG,Retail,7.233032224404621
2024-01-01,Cowpeas,BRONG AHAFO,KG,Retail,7.282376538060698
2024-02-01,Cowpeas,BRONG AHAFO,KG,Retail,7.282376538060698
2023-09-01,Cowpeas (white),GREATER ACCRA,109 KG,Wholesale,520.787363736657
2023-10-01,Cowpeas (white),GREATER ACCRA,109 KG,Wholesale,520.787363736657
2023-11-01,Cowpeas (white),GREATER ACCRA,109 KG,Wholesale,520.787363736657
2023-12-01,Cowpeas (white),GREATER ACCRA,109 KG,Wholesale,520.787363736657
2024-01-01,Cowpeas (white),GREATER ACCRA,109 KG,Wholesale,520.787363736657
2024-02-01,Cowpeas (white),GREATER ACCRA,109 KG,Wholesale,520.787363736657
2023-09-01,Eggplants,BRONG AHAFO,KG,Retail,7.126547777869649
2023-10-01,Eggplants,BRONG AHAFO,KG,Retail,7.126547777869649
2023-11-01,Eggplants,BRONG AHAFO,KG,Retail,7.126547777869649
2023-12-01,Eggplants,BRONG AHAFO,KG,Retail,7.126547777869649
2024-01-01,Eggplants,BRONG AHAFO,KG,Retail,7.175892091525728
2024-02-01,Eggplants,BRONG AHAFO,KG,Retail,7.175892091525728
2023-09-01,Eggs,BRONG AHAFO,30 pcs,Wholesale,794.0251022329608
2023-10-01,Eggs,BRONG AHAFO,30 pcs,Wholesale,794.0251022329608
2023-11-01,Eggs,BRONG AHAFO,30 pcs,Wholesale,794.0251022329608
2023-12-01,Eggs,BRONG AHAFO,30 pcs,Wholesale,794.0251022329608
2024-01-01,Eggs,BRONG AHAFO,30 pcs,Wholesale,790.4734978373564
2024-02-01,Eggs,BRONG AHAFO,30 pcs,Wholesale,790.4734978373564
2023-09-01,"Fish (mackerel, fresh)",BRONG AHAFO,KG,Retail,8.955141848689447
2023-10-01,"Fish (mackerel, fresh)",BRONG AHAFO,KG,Retail,8.955141848689447
2023-11-01,"Fish (mackerel, fresh)",BRONG AHAFO,KG,Retail,8.929689848689447
2023-12-01,"Fish (mackerel, fresh)",BRONG AHAFO,KG,Retail,8.860910682022782
2024-01-01,"Fish (mackerel, fresh)",BRONG AHAFO,KG,Retail,8.753657866614331
2024-02-01,"Fish (mackerel, fresh)",BRONG AHAFO,KG,Retail,8.930905260331723
2023-09-01,Gari,BRONG AHAFO,KG,Retail,7.126547777869649
2023-10-01,Gari,BRONG AHAFO,KG,Retail,7.126547777869649
2023-11-01,Gari,BRONG AHAFO,KG,Retail,7.126547777869649
2023-12-01,Gari,BRONG AHAFO,KG,Retail,7.126547777869649
2024-01-01,Gari,BRONG AHAFO,KG,Retail,7.175892091525728
2024-02-01,Gari,BRONG AHAFO,KG,Retail,7.175892091525728
2023-09-01,Maize,BRONG AHAFO,100 KG,Wholesale,520.787363736657
2023-10-01,Maize,BRONG AHAFO,100 KG,Wholesale,520.787363736657
2023-11-01,Maize,BRONG AHAFO,100 KG,Wholesale,520.787363736657
2023-12-01,Maize,BRONG AHAFO,100 KG,Wholesale,520.787363736657
2024-01-01,Maize,BRONG AHAFO,100 KG,Wholesale,520.787363736657
2024-02-01,Maize,BRONG AHAFO,100 KG,Wholesale,520.787363736657
2023-09-01,Maize (yellow),BRONG AHAFO,KG,Retail,7.126547777869649
2023-10-01,Maize (yellow),BRONG AHAFO,KG,Retail,7.126547777869649
2023-11-01,Maize (yellow),BRONG AHAFO,KG,Retail,7.126547777869649
2023-12-01,Maize (yellow),BRONG AHAFO,KG,Retail,7.126547777869649
2024-01-01,Maize (yellow),BRONG AHAFO,KG,Retail,7.175892091525728
2024-02-01,Maize (yellow),BRONG AHAFO,KG,Retail,7.175892091525728
2023-09-01,Meat (chicken),BRONG AHAFO,KG,Retail,15.425523983911406
2023-10-01,Meat (chicken),BRONG AHAFO,KG,Retail,15.38875481724474
2023-11-01,Meat (chicken),BRONG AHAFO,KG,Retail,15.38875481724474
2023-12-01,Meat (chicken),BRONG AHAFO,KG,Retail,15.38875481724474
2024-01-01,Meat (chicken),BRONG AHAFO,KG,Retail,11.349082805036518
2024-02-01,Meat (chicken),BRONG AHAFO,KG,Retail,14.82668939618527
2023-09-01,"Meat (chicken, local)",BRONG AHAFO,10 KG,Wholesale,520.787363736657
2023-10-01,"Meat (chicken, local)",BRONG AHAFO,10 KG,Wholesale,520.787363736657
2023-11-01,"Meat (chicken, local)",BRONG AHAFO,10 KG,Wholesale,520.787363736657
2023-12-01,"Meat (chicken, local)",BRONG AHAFO,10 KG,Wholesale,520.787363736657
2024-01-01,"Meat (chicken, local)",BRONG AHAFO,10 KG,Wholesale,520.787363736657
2024-02-01,"Meat (chicken, local)",BRONG AHAFO,10 KG,Wholesale,520.787363736657
2023-09-01,Millet,BRONG AHAFO,93 KG,Wholesale,556.0957195806932
2023-10-01,Millet,BRONG AHAFO,93 KG,Wholesale,556.0957195806932
2023-11-01,Millet,BRONG AHAFO,93 KG,Wholesale,556.0957195806932
2023-12-01,Millet,BRONG AHAFO,93 KG,Wholesale,556.0957195806932
2024-01-01,Millet,BRONG AHAFO,93 KG,Wholesale,556.0957195806932
2024-02-01,Millet,BRONG AHAFO,93 KG,Wholesale,556.0957195806932
2023-09-01,Onions,BRONG AHAFO,KG,Retail,7.126547777869649
2023-10-01,Onions,BRONG AHAFO,KG,Retail,7.126547777869649
2023-11-01,Onions,BRONG AHAFO,KG,Retail,7.126547777869649
2023-12-01,Onions,BRONG AHAFO,KG,Retail,7.126547777869649
2024-01-01,Onions,BRONG AHAFO,KG,Retail,7.175892091525728
2024-02-01,Onions,BRONG AHAFO,KG,Retail,7.175892091525728
2023-09-01,Peppers (dried),BRONG AHAFO,KG,Retail,7.050598477585019
2023-10-01,Peppers (dried),BRONG AHAFO,KG,Retail,7.050598477585019
2023-11-01,Peppers (dried),BRONG AHAFO,KG,Retail,7.050598477585019
2023-12-01,Peppers (dried),BRONG AHAFO,KG,Retail,7.050598477585019
2024-01-01,Peppers (dried),BRONG AHAFO,KG,Retail,7.08078256396837
2024-02-01,Peppers (dried),BRONG AHAFO,KG,Retail,7.08078256396837
2023-09-01,Peppers (fresh),BRONG AHAFO,KG,Retail,7.056539392030398
2023-10-01,Peppers (fresh),BRONG AHAFO,KG,Retail,7.056539392030398
2023-11-01,Peppers (fresh),BRONG AHAFO,KG,Retail,7.056539392030398
2023-12-01,Peppers (fresh),BRONG AHAFO,KG,Retail,7.056539392030398
2024-01-01,Peppers (fresh),BRONG AHAFO,KG,Retail,7.105883705686477
2024-02-01,Peppers (fresh),BRONG AHAFO,KG,Retail,7.105883705686477
2023-09-01,Plantains (apem),BRONG AHAFO,KG,Retail,7.126547777869649
2023-10-01,Plantains (apem),BRONG AHAFO,KG,Retail,7.126547777869649
2023-11-01,Plantains (apem),BRONG AHAFO,KG,Retail,7.126547777869649
2023-12-01,Plantains (apem),BRONG AHAFO,KG,Retail,7.126547777869649
2024-01-01,Plantains (apem),BRONG AHAFO,KG,Retail,7.175892091525728
2024-02-01,Plantains (apem),BRONG AHAFO,KG,Retail,7.175892091525728
2023-09-01,Plantains (apentu),ASHANTI,Bunch,Wholesale,112.50845884652067
2023-10-01,Plantains (apentu),ASHANTI,Bunch,Wholesale,112.50845884652067
2023-11-01,Plantains (apentu),ASHANTI,Bunch,Wholesale,112.50845884652067
2023-12-01,Plantains (apentu),ASHANTI,Bunch,Wholesale,112.50845884652067
2024-01-01,Plantains (apentu),ASHANTI,Bunch,Wholesale,81.15815987549348
2024-02-01,Plantains (apentu),ASHANTI,Bunch,Wholesale,107.56066670782734
2023-09-01,Rice (imported),BRONG AHAFO,50 KG,Wholesale,520.787363736657
2023-10-01,Rice (imported),BRONG AHAFO,50 KG,Wholesale,520.787363736657
2023-11-01,Rice (imported),BRONG AHAFO,50 KG,Wholesale,520.787363736657
2023-12-01,Rice (imported),BRONG AHAFO,50 KG,Wholesale,520.787363736657
2024-01-01,Rice (imported),BRONG AHAFO,50 KG,Wholesale,520.787363736657
2024-02-01,Rice (imported),BRONG AHAFO,50 KG,Wholesale,520.787363736657
2023-09-01,Rice (local),BRONG AHAFO,50 KG,Wholesale,520.787363736657
2023-10-01,Rice (local),BRONG AHAFO,50 KG,Wholesale,520.787363736657
2023-11-01,Rice (local),BRONG AHAFO,50 KG,Wholesale,520.787363736657
2023-12-01,Rice (local),BRONG AHAFO,50 KG,Wholesale,520.787363736657
2024-01-01,Rice (local),BRONG AHAFO,50 KG,Wholesale,520.787363736657
2024-02-01,Rice (local),BRONG AHAFO,50 KG,Wholesale,520.787363736657
2023-09-01,Rice (paddy),ASHANTI,84 KG,Wholesale,520.787363736657
2023-10-01,Rice (paddy),ASHANTI,84 KG,Wholesale,520.787363736657
2023-11-01,Rice (paddy),ASHANTI,84 KG,Wholesale,520.787363736657
2023-12-01,Rice (paddy),ASHANTI,84 KG,Wholesale,520.787363736657
2024-01-01,Rice (paddy),ASHANTI,84 KG,Wholesale,520.787363736657
2024-02-01,Rice (paddy),ASHANTI,84 KG,Wholesale,520.787363736657
2023-09-01,Sorghum,BRONG AHAFO,109 KG,Wholesale,682.3182427224784
2023-10-01,Sorghum,BRONG AHAFO,109 KG,Wholesale,682.3182427224784
2023-11-01,Sorghum,BRONG AHAFO,109 KG,Wholesale,682.3182427224784
2023-12-01,Sorghum,BRONG AHAFO,109 KG,Wholesale,682.3182427224784
2024-01-01,Sorghum,BRONG AHAFO,109 KG,Wholesale,682.3182427224784
2024-02-01,Sorghum,BRONG AHAFO,109 KG,Wholesale,682.3182427224784
2023-09-01,Soybeans,BRONG AHAFO,KG,Retail,7.126547777869649
2023-10-01,Soybeans,BRONG AHAFO,KG,Retail,7.126547777869649
2023-11-01,Soybeans,BRONG AHAFO,KG,Retail,7.126547777869649
2023-12-01,Soybeans,BRONG AHAFO,KG,Retail,7.126547777869649
2024-01-01,Soybeans,BRONG AHAFO,KG,Retail,7.175892091525728
2024-02-01,Soybeans,BRONG AHAFO,KG,Retail,7.175892091525728
2023-09-01,Tomatoes (local),BRONG AHAFO,KG,Retail,7.126547777869649
2023-10-01,Tomatoes (local),BRONG AHAFO,KG,Retail,7.126547777869649
2023-11-01,Tomatoes (local),BRONG AHAFO,KG,Retail,7.126547777869649
2023-12-01,Tomatoes (local),BRONG AHAFO,KG,Retail,7.126547777869649
2024-01-01,Tomatoes (local),BRONG AHAFO,KG,Retail,7.175892091525728
2024-02-01,Tomatoes (local),BRONG AHAFO,KG,Retail,7.175892091525728
2023-09-01,Tomatoes (navrongo),BRONG AHAFO,KG,Retail,7.126547777869649
2023-10-01,Tomatoes (navrongo),BRONG AHAFO,KG,Retail,7.126547777869649
2023-11-01,Tomatoes (navrongo),BRONG AHAFO,KG,Retail,7.126547777869649
2023-12-01,Tomatoes (navrongo),BRONG AHAFO,KG,Retail,7.126547777869649
2024-01-01,Tomatoes (navrongo),BRONG AHAFO,KG,Retail,7.175892091525728
2024-02-01,Tomatoes (navrongo),BRONG AHAFO,KG,Retail,7.175892091525728
2023-09-01,Yam,BRONG AHAFO,100 Tubers,Wholesale,520.787363736657
2023-10-01,Yam,BRONG AHAFO,100 Tubers,Wholesale,520.787363736657
2023-11-01,Yam,BRONG AHAFO,100 Tubers,Wholesale,520.787363736657
2023-12-01,Yam,BRONG AHAFO,100 Tubers,Wholesale,520.787363736657
2024-01-01,Yam,BRONG AHAFO,100 Tubers,Wholesale,520.787363736657
2024-02-01,Yam,BRONG AHAFO,100 Tubers,Wholesale,520.787363736657
2023-09-01,Yam (puna),BRONG AHAFO,KG,Retail,7.172728124908502
2023-10-01,Yam (puna),BRONG AHAFO,KG,Retail,7.172728124908502
2023-11-01,Yam (puna),BRONG AHAFO,KG,Retail,7.172728124908502
2023-12-01,Yam (puna),BRONG AHAFO,KG,Retail,7.172728124908502
2024-01-01,Yam (puna),BRONG AHAFO,KG,Retail,7.222072438564582
2024-02-01,Yam (puna),BRONG AHAFO,KG,Retail,7.222072438564582
